﻿,,,,,,,
Data :,Data Pariwisata di Kabupaten Sleman Tahun 2019 s.d. 2021,,,,,,
Urusan :,Pemerintahan Bidang Pariwisata,,,,,,
No. elemen data :,3.26.10,,,,,,
,,,,,,,
Kode,Sub Elemen,Definisi Operasional,Satuan,Tahun 2019,Tahun 2020,Tahun 2021,Sumber Data
,Data Pariwisata,,,,,,
1,Jumlah Objek Wisata,"Objek wisata adalah segala sesuatu yang ada di daerah tujuan wisata yang merupakan daya tarik agar orang-orang mau datang berkunjung ke tempat tersebut, baik yang dikelola secara komersial maupun non komersial. Banyaknya objek wisata di wilayah Kabupaten Sleman pada tahun berkenaan",Unit,,,,
1.1,Jumlah Objek Wisata Alam,,Unit,21,21,18,Dinas Pariwisata
1.2,Jumlah Objek Wisata Buatan,,Unit,19,19,19,Dinas Pariwisata
1.3,Jumlah Objek Wisata Sejarah,,Unit,45,45,45,Dinas Pariwisata
2,Jumlah Desa Wisata,"Desa wisata yang memiliki berbagai potensi wisata yang masih alami atau natural baik dalam bentuk potensi wisata alam dengan perkebunan kopi, peternakan kambing dan hamparan keindahan gunung serta bukitnya maupun potensi wisata seni dan budaya seperti jathilan, ketoprak, dan sebagainya hingga potensi wisata kulinernya. Banyaknya desa wisata di wilayah Kabupaten Sleman pada tahun berkenaan",,,,,
2.1,Jumlah Desa Wisata Maju,,Desa,12,12,12,Dinas Pariwisata
2.2,Jumlah Desa Wisata Berkembang,,Desa,11,10,10,Dinas Pariwisata
2.3,Jumlah Desa Wisata Tumbuh/Embrio,,Desa,14,20,20,Dinas Pariwisata
2.4,Jumlah Desa Wisata Layak Jual,,Desa,11,11,11,Dinas Pariwisata
3,Jumlah Pokdarwis (Kelompok Sadar Wisata) di Kabupaten Sleman,Pokdarwis adalah suatu kelompok masyarakat yang menggambarkan partisipasi dan dukungan segenap komponen masyarakat dalam mendorong terwujudnya iklim yang kondusit bagi tumbuh dan berkembangnua kepariwisataan di suatu destinasi. Banyaknya Kelompok Sadar Wisata (Pokdarwis) di wilayah Kabupaten Sleman ada tahun berkenaan pada tahun berkenaan,,,,,
3.3,Jumlah Pokdarwis di Kabupaten Sleman,,Kelompok,44,34,34,Dinas Pariwisata
